{"v":"5.8.1","fr":25,"ip":0,"op":50,"w":340,"h":340,"nm":"Home Bola ","ddd":0,"assets":[{"id":"image_0","w":1059,"h":957,"u":"images/","p":"img_0.png","e":0}],"layers":[{"ddd":0,"ind":1,"ty":2,"nm":"bola normal","refId":"image_0","sr":1,"ks":{"o":{"a":0,"k":100,"ix":11},"r":{"a":0,"k":0,"ix":10},"p":{"a":1,"k":[{"i":{"x":0.833,"y":0.833},"o":{"x":0.167,"y":0.167},"t":0,"s":[169.687,164.251,0],"to":[0,0,0],"ti":[0,0,0]},{"i":{"x":0.833,"y":0.833},"o":{"x":0.167,"y":0.167},"t":25,"s":[169.687,174.251,0],"to":[0,0,0],"ti":[0,0,0]},{"t":50,"s":[169.687,164.251,0]}],"ix":2,"l":2},"a":{"a":0,"k":[529.5,478.5,0],"ix":1,"l":2},"s":{"a":0,"k":[33,33,100],"ix":6,"l":2}},"ao":0,"ip":0,"op":50,"st":0,"bm":0}],"markers":[]}